{"nm":"ì»´í¬ì§ì 2","ddd":0,"h":111,"w":246,"meta":{"g":"@lottiefiles/toolkit-js 0.33.2"},"layers":[{"ty":4,"nm":"ëª¨ì ë ì´ì´ 1","sr":1,"st":0,"op":900.000036657751,"ip":0,"hd":false,"ddd":0,"bm":0,"hasMask":false,"ao":0,"ks":{"a":{"a":0,"k":[-114.5,-212.5,0],"ix":1},"s":{"a":1,"k":[{"o":{"x":0.167,"y":0.167},"i":{"x":0.667,"y":1},"s":[0,0,100],"t":10},{"o":{"x":0.167,"y":0.167},"i":{"x":0.667,"y":1},"s":[16,16,100],"t":30},{"s":[0,0,100],"t":50.0000020365418}],"ix":6},"sk":{"a":0,"k":0},"p":{"a":0,"k":[188.5,96.5,0],"ix":2},"r":{"a":0,"k":0,"ix":10},"sa":{"a":0,"k":0},"o":{"a":0,"k":100,"ix":11}},"ef":[],"shapes":[{"ty":"gr","bm":0,"hd":false,"mn":"ADBE Vector Group","nm":"ë¤ê°í ë³ 1","ix":1,"cix":2,"np":2,"it":[{"ty":"sr","bm":0,"hd":false,"mn":"ADBE Vector Shape - Star","nm":"ë¤ê°í ë³ í¨ì¤ 1","ix":1,"d":1,"ir":{"a":0,"k":33,"ix":6},"is":{"a":0,"k":80,"ix":8},"pt":{"a":0,"k":4,"ix":3},"p":{"a":0,"k":[0,0],"ix":4},"or":{"a":0,"k":80,"ix":7},"os":{"a":0,"k":32,"ix":9},"r":{"a":0,"k":0,"ix":5},"sy":1},{"ty":"fl","bm":0,"hd":false,"mn":"ADBE Vector Graphic - Fill","nm":"ì¹  1","c":{"a":0,"k":[0.9765,0.5255,0.7137],"ix":4},"r":1,"o":{"a":0,"k":100,"ix":5}},{"ty":"tr","a":{"a":0,"k":[0,0],"ix":1},"s":{"a":0,"k":[100,100],"ix":3},"sk":{"a":0,"k":0,"ix":4},"p":{"a":0,"k":[-114.5,-212.5],"ix":2},"r":{"a":0,"k":0,"ix":6},"sa":{"a":0,"k":0,"ix":5},"o":{"a":0,"k":100,"ix":7}}]}],"ind":1},{"ty":4,"nm":"ëª¨ì ë ì´ì´ 3","sr":1,"st":0,"op":900.000036657751,"ip":0,"hd":false,"ddd":0,"bm":0,"hasMask":false,"ao":0,"ks":{"a":{"a":0,"k":[-114.5,-212.5,0],"ix":1},"s":{"a":1,"k":[{"o":{"x":0.167,"y":0.167},"i":{"x":0.667,"y":1},"s":[0,0,100],"t":35},{"o":{"x":0.167,"y":0.167},"i":{"x":0.667,"y":1},"s":[10,10,100],"t":55},{"s":[0,0,100],"t":75.0000030548126}],"ix":6},"sk":{"a":0,"k":0},"p":{"a":0,"k":[212.5,71,0],"ix":2},"r":{"a":0,"k":0,"ix":10},"sa":{"a":0,"k":0},"o":{"a":0,"k":100,"ix":11}},"ef":[],"shapes":[{"ty":"gr","bm":0,"hd":false,"mn":"ADBE Vector Group","nm":"ë¤ê°í ë³ 1","ix":1,"cix":2,"np":2,"it":[{"ty":"sr","bm":0,"hd":false,"mn":"ADBE Vector Shape - Star","nm":"ë¤ê°í ë³ í¨ì¤ 1","ix":1,"d":1,"ir":{"a":0,"k":33,"ix":6},"is":{"a":0,"k":80,"ix":8},"pt":{"a":0,"k":4,"ix":3},"p":{"a":0,"k":[0,0],"ix":4},"or":{"a":0,"k":80,"ix":7},"os":{"a":0,"k":32,"ix":9},"r":{"a":0,"k":0,"ix":5},"sy":1},{"ty":"fl","bm":0,"hd":false,"mn":"ADBE Vector Graphic - Fill","nm":"ì¹  1","c":{"a":0,"k":[0.9765,0.5255,0.7137],"ix":4},"r":1,"o":{"a":0,"k":100,"ix":5}},{"ty":"tr","a":{"a":0,"k":[0,0],"ix":1},"s":{"a":0,"k":[100,100],"ix":3},"sk":{"a":0,"k":0,"ix":4},"p":{"a":0,"k":[-114.5,-212.5],"ix":2},"r":{"a":0,"k":0,"ix":6},"sa":{"a":0,"k":0,"ix":5},"o":{"a":0,"k":100,"ix":7}}]}],"ind":2},{"ty":4,"nm":"ëª¨ì ë ì´ì´ 4","sr":1,"st":0,"op":900.000036657751,"ip":0,"hd":false,"ddd":0,"bm":0,"hasMask":false,"ao":0,"ks":{"a":{"a":0,"k":[-114.5,-212.5,0],"ix":1},"s":{"a":1,"k":[{"o":{"x":0.167,"y":0.167},"i":{"x":0.667,"y":1},"s":[0,0,100],"t":21},{"o":{"x":0.167,"y":0.167},"i":{"x":0.667,"y":1},"s":[7,7,100],"t":40},{"s":[0,0,100],"t":60.0000024438501}],"ix":6},"sk":{"a":0,"k":0},"p":{"a":0,"k":[206,48,0],"ix":2},"r":{"a":0,"k":0,"ix":10},"sa":{"a":0,"k":0},"o":{"a":0,"k":100,"ix":11}},"ef":[],"shapes":[{"ty":"gr","bm":0,"hd":false,"mn":"ADBE Vector Group","nm":"ë¤ê°í ë³ 1","ix":1,"cix":2,"np":2,"it":[{"ty":"sr","bm":0,"hd":false,"mn":"ADBE Vector Shape - Star","nm":"ë¤ê°í ë³ í¨ì¤ 1","ix":1,"d":1,"ir":{"a":0,"k":33,"ix":6},"is":{"a":0,"k":80,"ix":8},"pt":{"a":0,"k":4,"ix":3},"p":{"a":0,"k":[0,0],"ix":4},"or":{"a":0,"k":80,"ix":7},"os":{"a":0,"k":32,"ix":9},"r":{"a":0,"k":0,"ix":5},"sy":1},{"ty":"fl","bm":0,"hd":false,"mn":"ADBE Vector Graphic - Fill","nm":"ì¹  1","c":{"a":0,"k":[0.9765,0.5255,0.7137],"ix":4},"r":1,"o":{"a":0,"k":100,"ix":5}},{"ty":"tr","a":{"a":0,"k":[0,0],"ix":1},"s":{"a":0,"k":[100,100],"ix":3},"sk":{"a":0,"k":0,"ix":4},"p":{"a":0,"k":[-114.5,-212.5],"ix":2},"r":{"a":0,"k":0,"ix":6},"sa":{"a":0,"k":0,"ix":5},"o":{"a":0,"k":100,"ix":7}}]}],"ind":3},{"ty":4,"nm":"ëª¨ì ë ì´ì´ 5","sr":1,"st":0,"op":900.000036657751,"ip":0,"hd":false,"ddd":0,"bm":0,"hasMask":false,"ao":0,"ks":{"a":{"a":0,"k":[-114.5,-212.5,0],"ix":1},"s":{"a":1,"k":[{"o":{"x":0.167,"y":0.167},"i":{"x":0.667,"y":1},"s":[0,0,100],"t":15},{"o":{"x":0.167,"y":0.167},"i":{"x":0.667,"y":1},"s":[10,10,100],"t":35},{"s":[0,0,100],"t":55.0000022401959}],"ix":6},"sk":{"a":0,"k":0},"p":{"a":0,"k":[60.5,9,0],"ix":2},"r":{"a":0,"k":0,"ix":10},"sa":{"a":0,"k":0},"o":{"a":0,"k":100,"ix":11}},"ef":[],"shapes":[{"ty":"gr","bm":0,"hd":false,"mn":"ADBE Vector Group","nm":"ë¤ê°í ë³ 1","ix":1,"cix":2,"np":2,"it":[{"ty":"sr","bm":0,"hd":false,"mn":"ADBE Vector Shape - Star","nm":"ë¤ê°í ë³ í¨ì¤ 1","ix":1,"d":1,"ir":{"a":0,"k":33,"ix":6},"is":{"a":0,"k":80,"ix":8},"pt":{"a":0,"k":4,"ix":3},"p":{"a":0,"k":[0,0],"ix":4},"or":{"a":0,"k":80,"ix":7},"os":{"a":0,"k":32,"ix":9},"r":{"a":0,"k":0,"ix":5},"sy":1},{"ty":"fl","bm":0,"hd":false,"mn":"ADBE Vector Graphic - Fill","nm":"ì¹  1","c":{"a":0,"k":[0.9765,0.5255,0.7137],"ix":4},"r":1,"o":{"a":0,"k":100,"ix":5}},{"ty":"tr","a":{"a":0,"k":[0,0],"ix":1},"s":{"a":0,"k":[100,100],"ix":3},"sk":{"a":0,"k":0,"ix":4},"p":{"a":0,"k":[-114.5,-212.5],"ix":2},"r":{"a":0,"k":0,"ix":6},"sa":{"a":0,"k":0,"ix":5},"o":{"a":0,"k":100,"ix":7}}]}],"ind":4},{"ty":4,"nm":"ëª¨ì ë ì´ì´ 2","sr":1,"st":0,"op":900.000036657751,"ip":0,"hd":false,"ddd":0,"bm":0,"hasMask":false,"ao":0,"ks":{"a":{"a":0,"k":[-114.5,-212.5,0],"ix":1},"s":{"a":1,"k":[{"o":{"x":0.167,"y":0.167},"i":{"x":0.44,"y":1.952},"s":[0,0,100],"t":25},{"o":{"x":0.167,"y":0.167},"i":{"x":0.667,"y":1},"s":[12,12,100],"t":45},{"s":[0,0,100],"t":65.0000026475043}],"ix":6},"sk":{"a":0,"k":0},"p":{"a":0,"k":[33,31,0],"ix":2},"r":{"a":0,"k":0,"ix":10},"sa":{"a":0,"k":0},"o":{"a":0,"k":100,"ix":11}},"ef":[],"shapes":[{"ty":"gr","bm":0,"hd":false,"mn":"ADBE Vector Group","nm":"ë¤ê°í ë³ 1","ix":1,"cix":2,"np":2,"it":[{"ty":"sr","bm":0,"hd":false,"mn":"ADBE Vector Shape - Star","nm":"ë¤ê°í ë³ í¨ì¤ 1","ix":1,"d":1,"ir":{"a":0,"k":33,"ix":6},"is":{"a":0,"k":80,"ix":8},"pt":{"a":0,"k":4,"ix":3},"p":{"a":0,"k":[0,0],"ix":4},"or":{"a":0,"k":80,"ix":7},"os":{"a":0,"k":32,"ix":9},"r":{"a":0,"k":0,"ix":5},"sy":1},{"ty":"fl","bm":0,"hd":false,"mn":"ADBE Vector Graphic - Fill","nm":"ì¹  1","c":{"a":0,"k":[0.9765,0.5255,0.7137],"ix":4},"r":1,"o":{"a":0,"k":100,"ix":5}},{"ty":"tr","a":{"a":0,"k":[0,0],"ix":1},"s":{"a":0,"k":[100,100],"ix":3},"sk":{"a":0,"k":0,"ix":4},"p":{"a":0,"k":[-114.5,-212.5],"ix":2},"r":{"a":0,"k":0,"ix":6},"sa":{"a":0,"k":0,"ix":5},"o":{"a":0,"k":100,"ix":7}}]}],"ind":5}],"v":"5.7.4","fr":29.9700012207031,"op":74.0000030140818,"ip":0,"assets":[]}